Fonte, N2O
No N,2.449556917
Urea,3.359404089
UR+DCD-R,2.720748515
UR+DMPP-R,2.542346014
PSCU,3.326971994
UR+DCD,2.599680343
UR+DMPP,2.547414228
CaNO,2.517150001

